日期,赛事名称,角色,IP,CV,得票数,角色（英）,是否晋级,头像,排名
08.30-09.06,新星组冬季赛提名-女性组别,辉夜,超辉夜姬！,,130,,True,,1
08.30-09.06,新星组冬季赛提名-女性组别,酒寄彩叶,超辉夜姬！,,122,,True,,2
08.30-09.06,新星组冬季赛提名-女性组别,森亚露露卡,名侦探光之美少女！,,62,Moria Luluka,True,,3
08.30-09.06,新星组冬季赛提名-女性组别,铃木实优,正相反的你与我,,51,,True,,4
08.30-09.06,新星组冬季赛提名-女性组别,星野瑠美衣,【我推的孩子】,,36,Hoshino Ruby,True,,5
08.30-09.06,新星组冬季赛提名-女性组别,高代槙生,他国日记,,27,Kōdai Makio,True,,6
08.30-09.06,新星组冬季赛提名-女性组别,田汲朝,他国日记,,19,Takumi Asa,True,,7
08.30-09.06,新星组冬季赛提名-女性组别,木下歌夏,现在的是哪一个多闻？！,,15,Kinoshita Utage,True,,8
08.30-09.06,新星组冬季赛提名-女性组别,濑名紫阳花,我们不可能成为恋人！绝对不行。 (※似乎可行？),,11,Sena Ajisai,True,,9
08.30-09.06,新星组冬季赛提名-女性组别,雨月忍,午夜的倾心旋律,,8,Uzuki Shinobu,True,,10
08.30-09.06,新星组冬季赛提名-女性组别,泰奥莉塔,判处勇者刑 惩罚勇者9004队刑务纪录,,8,Teoritta,True,,11
08.30-09.06,新星组冬季赛提名-女性组别,明智安娜,名侦探光之美少女！,,8,Akechi Anna,True,,12
08.30-09.06,新星组冬季赛提名-女性组别,幽鬼,靠死亡游戏混饭吃。,,7,Sorimachi Yūki,True,,13
08.30-09.06,新星组冬季赛提名-女性组别,水萌汐,和青梅竹马之间不会有恋爱喜剧,,6,Minamo Shio,True,,14
08.30-09.06,新星组冬季赛提名-女性组别,金目绵花奈,能帮我弄干净吗？,,6,Kinme Wakana,True,,15
08.30-09.06,新星组冬季赛提名-女性组别,井之华六花,午夜的倾心旋律,,6,Inohana Rikka,True,,16
08.30-09.06,新星组冬季赛提名-女性组别,东紫乃,正相反的你与我,,6,Azuma Shino,True,,17
08.30-09.06,新星组冬季赛提名-女性组别,有马加奈,【我推的孩子】,,6,Arima Kana,True,,18
08.30-09.06,新星组冬季赛提名-女性组别,小柳香穗,我们不可能成为恋人！绝对不行。 (※似乎可行？),,5,Koyanagi Kaho,True,,19
08.30-09.06,新星组冬季赛提名-女性组别,王冢真唯,我们不可能成为恋人！绝对不行。 (※似乎可行？),,5,Ōzuka Mai,True,,20
08.30-09.06,新星组冬季赛提名-女性组别,绫香·沙条,Fate系列,,5,Ayaka Sajō,True,,21
08.30-09.06,新星组冬季赛提名-女性组别,冈崎依瑠花,金牌得主,,5,Okazaki Iruka,True,,22
08.30-09.06,新星组冬季赛提名-女性组别,梅特黛,葬送的芙莉莲,,5,,True,,23
08.30-09.06,新星组冬季赛提名-女性组别,琳·莱茵维斯,阿尔涅的事件簿,,4,Lynn Reinweiß,True,,24
08.30-09.06,新星组冬季赛提名-女性组别,禅院真希,咒术回战,,4,,True,,25
08.30-09.06,新星组冬季赛提名-女性组别,小林未来,名侦探光之美少女！,,4,Kobayashi Mikuru,True,,26
08.30-09.06,新星组冬季赛提名-女性组别,帆羽来爱,名侦探光之美少女！,,4,Howa Kurea,True,,27
08.30-09.06,新星组冬季赛提名-女性组别,日芽川宁宁,午夜的倾心旋律,,4,Himekawa Nene,True,,28
08.30-09.06,新星组冬季赛提名-女性组别,雾乃依子,午夜的倾心旋律,,4,Kirino Iko,True,,29
08.30-09.06,新星组冬季赛提名-女性组别,绫䌷芦花,超辉夜姬！,,4,Ayatsumugi Roka,True,,30
08.30-09.06,新星组冬季赛提名-女性组别,西奈津美,正相反的你与我,,4,Nishi Natsumi,True,,31
08.30-09.06,新星组冬季赛提名-女性组别,月见瑠奈,和青梅竹马之间不会有恋爱喜剧,,4,Tsukimi Runa,True,,32
08.30-09.06,新星组冬季赛提名-女性组别,恩奇都,Fate系列,,4,Enkidu,True,,33
08.30-09.06,新星组冬季赛提名-女性组别,莉露,29岁单身中坚冒险家的日常,,3,Rirui,False,,34
08.30-09.06,新星组冬季赛提名-女性组别,内田优空,弹珠汽水瓶里的千岁同学,,3,Uchida Yua,False,,35
08.30-09.06,新星组冬季赛提名-女性组别,芦屋瑞稀,花样少年少女,,3,Ashiya Mizuki,False,,36
08.30-09.06,新星组冬季赛提名-女性组别,佐藤神八,神八小妹不可怕,,3,Satō Kaya,False,,37
08.30-09.06,新星组冬季赛提名-女性组别,山城恋,魔都精兵的奴隶,,3,Yamashiro Ren,False,,38
08.30-09.06,新星组冬季赛提名-女性组别,狼崎光,金牌得主,,3,Kamisaki Hikaru,False,,39
08.30-09.06,新星组冬季赛提名-女性组别,申川凛奈,金牌得主,,3,Sarukawa Rinna,False,,40
08.30-09.06,新星组冬季赛提名-女性组别,火威灯,和青梅竹马之间不会有恋爱喜剧,,3,Hiodoshi Akari,False,,41
08.30-09.06,新星组冬季赛提名-女性组别,坂口日向,关于我转生变成史莱姆这档事,,3,Sakaguchi Hinata,False,,42
08.30-09.06,新星组冬季赛提名-女性组别,夜香静花,透明男子与人类女孩～两人迟早会成为夫妻～,,3,Yakō Shizuka,False,,43
