擂台,角色,IP,得票数,结果,头像
擂台1,鲁迪乌斯·格雷拉特,无职转生,817,胜者,
擂台1,我妻善逸,鬼灭之刃,390,败者,
擂台2,乙骨忧太,咒术回战,436,败者,
擂台2,吉尔伽美什,Fate系列,542,胜者,
擂台3,奥斯瓦尔德·帕纳科塔,圣女因太过完美不够可爱而被废除婚约并卖到邻国,162,败者,
擂台3,宇智波佐助,火影忍者,733,胜者,
擂台4,利威尔·阿克曼,进击的巨人,654,胜者,
擂台4,森岛帆高,天气之子,375,败者,
擂台5,齐木楠雄,齐木楠雄的灾难,526,胜者,
擂台5,镜音连,世界计划 缤纷舞台！ feat. 初音未来,382,败者,
擂台6,小智,宝可梦,538,败者,
擂台6,音无结弦,Angel Beats!,551,胜者,
擂台7,虎杖悠仁,咒术回战,462,败者,
擂台7,金木研,东京食尸鬼,529,胜者,
擂台8,卫宫,Fate系列,565,胜者,
擂台8,东方仗助,JoJo的奇妙冒险,375,败者,
擂台9,卫宫士郎,Fate系列,574,败者,
擂台9,水柿司,可塑性记忆,630,胜者,
擂台10,䌷凛太郎,薰香花朵凛然绽放,550,胜者,
擂台10,辛耶·诺赞,86-不存在的战区-,496,败者,
擂台11,旗木卡卡西,火影忍者,561,胜者,
擂台11,黑羽快斗,魔术快斗,422,败者,
擂台12,灶门炭治郎,鬼灭之刃,549,败者,
擂台12,藤宫周,关于我在无意间被隔壁的天使变成废柴这件事,620,胜者,
擂台13,空,NO GAME NO LIFE 游戏人生,973,胜者,
擂台13,大卫·马丁内斯,赛博朋克 边缘行者,329,败者,
擂台14,休塔尔克,葬送的芙莉莲,552,胜者,
擂台14,江户川柯南,名侦探柯南,474,败者,
擂台15,富冈义勇,鬼灭之刃,379,败者,
擂台15,佐藤和真,为美好的世界献上祝福！,702,胜者,
擂台16,立花泷,你的名字。,950,胜者,
擂台16,夏泽朔,薰香花朵凛然绽放,211,败者,
擂台17,大路饼藏,玉子市场,516,胜者,
擂台17,炼狱杏寿郎,鬼灭之刃,439,败者,
擂台18,乔瑟夫·乔斯达,JoJo的奇妙冒险,465,败者,
擂台18,春日野悠,缘之空,559,胜者,
擂台19,乙坂有宇,Charlotte,998,胜者,
擂台19,由崎星空,总之就是非常可爱,291,败者,
擂台20,网代慎平,夏日重现,511,败者,
擂台20,冈崎朋也,CLANNAD,536,胜者,
擂台21,莱欧斯,迷宫饭,254,败者,
擂台21,五河士道,约会大作战,689,胜者,
擂台22,菜月昴,Re:从零开始的异世界生活,1020,胜者,
擂台22,劳埃德·福杰,间谍过家家,301,败者,
擂台23,太宰治,文豪野犬,527,胜者,
擂台23,五条新菜,更衣人偶坠入爱河,492,败者,
擂台24,灵幻新隆,路人超能100,273,败者,
擂台24,一方通行,魔法禁书目录,721,胜者,
擂台25,晓山瑞希,世界计划 缤纷舞台！ feat. 初音未来,779,胜者,
擂台25,星野爱久爱海,【我推的孩子】,358,败者,
擂台26,乔鲁诺·乔巴拿,JoJo的奇妙冒险,513,胜者,
擂台26,西片,擅长捉弄的高木同学,469,败者,
擂台27,渚薰,新世纪福音战士,437,败者,
擂台27,石上优,辉夜大小姐想让我告白～天才们的恋爱头脑战～,752,胜者,
擂台28,五条悟,咒术回战,728,胜者,
擂台28,神田空太,樱花庄的宠物女孩,423,败者,
擂台29,宇智波斑,火影忍者,432,败者,
擂台29,宫村伊澄,堀与宫村,527,胜者,
擂台30,奥斯卡,Unnamed Memory,129,败者,
擂台30,空条承太郎,JoJo的奇妙冒险,746,胜者,
擂台31,比企谷八幡,我的青春恋爱物语果然有问题。,761,胜者,
擂台31,电次,电锯人,309,败者,
擂台32,有马公生,四月是你的谎言,500,败者,
擂台32,蒙奇·D·路飞,海贼王,520,胜者,
擂台33,莱因哈鲁特·范·阿斯特雷亚,Re:从零开始的异世界生活,730,胜者,
擂台33,浅村悠太,义妹生活,433,败者,
擂台34,温水和彦,败犬女主太多了！,679,胜者,
擂台34,孙悟空,龙珠,407,败者,
擂台35,户冢彩加,我的青春恋爱物语果然有问题。,500,败者,
擂台35,碇真嗣,新世纪福音战士,501,胜者,
擂台36,洁世一,蓝色监狱,174,败者,
擂台36,L Lawliet,死亡笔记,815,胜者,
擂台37,夜神月,死亡笔记,765,胜者,
擂台37,石神千空,Dr.STONE 石纪元,302,败者,
擂台38,鲁路修·兰佩洛基,反叛的鲁路修,619,胜者,
擂台38,始皇帝,终末的女武神,363,败者,
擂台39,法夫纳,小林家的龙女仆,316,败者,
擂台39,波风水门,火影忍者,595,胜者,
擂台40,桐谷和人,刀剑神域,676,胜者,
擂台40,宇智波带土,火影忍者,308,败者,
擂台41,迪奥·布兰度,JoJo的奇妙冒险,503,胜者,
擂台41,高须龙儿,龙与虎,435,败者,
擂台42,艾伦·耶格尔,进击的巨人,584,败者,
擂台42,基尔伯特·布甘比利亚,紫罗兰永恒花园,587,胜者,
擂台43,里克·多拉,NO GAME NO LIFE 游戏人生,892,胜者,
擂台43,夜斗,野良神,290,败者,
擂台44,杀老师,暗杀教室,576,胜者,
擂台44,卫宫切嗣,Fate系列,449,败者,
擂台45,水篠旬,我独自升级,233,败者,
擂台45,漩涡鸣人,火影忍者,677,胜者,
擂台46,坂田银时,银魂,616,胜者,
擂台46,绫小路清隆,欢迎来到实力至上主义的教室,397,败者,
擂台47,宇智波鼬,火影忍者,483,败者,
擂台47,冈部伦太郎,命运石之门,509,胜者,
擂台48,上条当麻,魔法禁书目录,690,胜者,
擂台48,鹰原羽依里,Summer Pockets,318,败者,
