排名,角色,IP,得票数,结果,头像
1,丰川祥子,BanG Dream!,964,晋级,https://pic1.imgdb.cn/item/6785d881d0e0a243d4f411d8.png
2,星野爱,【我推的孩子】,947,晋级,https://pic1.imgdb.cn/item/6785d9aed0e0a243d4f41230.png
3,晓美焰,魔法少女小圆,934,晋级,https://pic1.imgdb.cn/item/674086b0d29ded1a8c07b0d0.png
4,菲伦,葬送的芙莉莲,919,晋级,https://pic1.imgdb.cn/item/6785d861d0e0a243d4f411ce.png
5,琴吹䌷,轻音少女,916,晋级,https://pic1.imgdb.cn/item/6739b369d29ded1a8c895375.png
6,康娜卡姆依,小林家的龙女仆,877,晋级,https://pic1.imgdb.cn/item/677fbec3d0e0a243d4f2c997.png
7,泉此方,幸运☆星,873,晋级,https://pic1.imgdb.cn/item/674138ded29ded1a8c82004e.png
8,高木,擅长捉弄的高木同学,835,晋级,https://pic1.imgdb.cn/item/67411d35d29ded1a8c6a5568.png
9,中野二乃,五等分的新娘,825,晋级,https://pic1.imgdb.cn/item/6744343188c538a9b5bb9e21.png
10,高松灯,BanG Dream!,825,晋级,https://pic1.imgdb.cn/item/6785d914d0e0a243d4f41202.png
11,中野五月,五等分的新娘,824,淘汰,https://pic1.imgdb.cn/item/677fbcc8d0e0a243d4f2c900.png
12,井芹仁菜,少女乐队的呐喊,798,淘汰,
13,艾莉丝·伯雷亚斯·格雷拉特,无职转生,790,淘汰,https://pic1.imgdb.cn/item/67413890d29ded1a8c81b570.png
14,凉宫春日,凉宫春日的忧郁,788,淘汰,https://pic1.imgdb.cn/item/67418d25d29ded1a8cd84d64.png
15,五河琴里,约会大作战,782,淘汰,https://pic1.imgdb.cn/item/673be110d29ded1a8c2750be.png
16,东海帝王,赛马娘 Pretty Derby,778,淘汰,https://pic1.imgdb.cn/item/67419ca3d29ded1a8ce4ecc8.png
17,绪山真寻,别当欧尼酱了！,766,淘汰,https://pic1.imgdb.cn/item/6785d8f9d0e0a243d4f411f4.png
18,三角初华,BanG Dream!,734,淘汰,
19,空门苍,Summer Pockets,731,淘汰,
20,八神疾风,魔法少女奈叶,519,淘汰,
